month,line,amount
2027-04,beer_sales,8873
2027-04,refunds,-160
2027-04,membership_fees,20250
2027-04,beer_cogs,6033
2027-04,rent,3600
2027-04,utilities,900
2027-04,payroll,7075
2027-04,insurance,650
2027-04,licenses,150
2027-04,software,232
2027-04,payment_processing,932
2027-04,marketing,1500
2027-04,professional_fees,1000
2027-04,delivery,0
2027-04,supplies,133
2027-04,other_opex,300
2027-04,depreciation,560
2027-04,interest,917
2027-05,beer_sales,11196
2027-05,refunds,-202
2027-05,membership_fees,4950
2027-05,beer_cogs,7613
2027-05,rent,3600
2027-05,utilities,900
2027-05,payroll,7075
2027-05,insurance,650
2027-05,licenses,150
2027-05,software,240
2027-05,payment_processing,517
2027-05,marketing,1500
2027-05,professional_fees,1000
2027-05,delivery,0
2027-05,supplies,168
2027-05,other_opex,300
2027-05,depreciation,560
2027-05,interest,912
2027-06,beer_sales,13480
2027-06,refunds,-243
2027-06,membership_fees,4950
2027-06,beer_cogs,9167
2027-06,rent,3600
2027-06,utilities,900
2027-06,payroll,7075
2027-06,insurance,650
2027-06,licenses,150
2027-06,software,248
2027-06,payment_processing,590
2027-06,marketing,1500
2027-06,professional_fees,1000
2027-06,delivery,0
2027-06,supplies,202
2027-06,other_opex,300
2027-06,depreciation,560
2027-06,interest,908
2027-07,beer_sales,15725
2027-07,refunds,-283
2027-07,membership_fees,4950
2027-07,beer_cogs,10693
2027-07,rent,3600
2027-07,utilities,900
2027-07,payroll,7075
2027-07,insurance,650
2027-07,licenses,150
2027-07,software,256
2027-07,payment_processing,662
2027-07,marketing,1500
2027-07,professional_fees,1000
2027-07,delivery,0
2027-07,supplies,236
2027-07,other_opex,300
2027-07,depreciation,560
2027-07,interest,904
2027-08,beer_sales,17932
2027-08,refunds,-323
2027-08,membership_fees,4950
2027-08,beer_cogs,12194
2027-08,rent,3600
2027-08,utilities,900
2027-08,payroll,7075
2027-08,insurance,650
2027-08,licenses,150
2027-08,software,264
2027-08,payment_processing,732
2027-08,marketing,1500
2027-08,professional_fees,1000
2027-08,delivery,0
2027-08,supplies,269
2027-08,other_opex,300
2027-08,depreciation,560
2027-08,interest,900
2027-09,beer_sales,20102
2027-09,refunds,-362
2027-09,membership_fees,4950
2027-09,beer_cogs,13669
2027-09,rent,3600
2027-09,utilities,900
2027-09,payroll,7075
2027-09,insurance,650
2027-09,licenses,150
2027-09,software,271
2027-09,payment_processing,802
2027-09,marketing,1500
2027-09,professional_fees,1000
2027-09,delivery,0
2027-09,supplies,302
2027-09,other_opex,300
2027-09,depreciation,560
2027-09,interest,895
2027-10,beer_sales,21897
2027-10,refunds,-394
2027-10,membership_fees,3750
2027-10,beer_cogs,14890
2027-10,rent,3600
2027-10,utilities,900
2027-10,payroll,7075
2027-10,insurance,650
2027-10,licenses,150
2027-10,software,278
2027-10,payment_processing,821
2027-10,marketing,1500
2027-10,professional_fees,1000
2027-10,delivery,328
2027-10,supplies,328
2027-10,other_opex,300
2027-10,depreciation,560
2027-10,interest,891
2027-11,beer_sales,23656
2027-11,refunds,-426
2027-11,membership_fees,3750
2027-11,beer_cogs,16086
2027-11,rent,3600
2027-11,utilities,900
2027-11,payroll,7075
2027-11,insurance,650
2027-11,licenses,150
2027-11,software,284
2027-11,payment_processing,877
2027-11,marketing,1500
2027-11,professional_fees,1000
2027-11,delivery,355
2027-11,supplies,355
2027-11,other_opex,300
2027-11,depreciation,560
2027-11,interest,886
2027-12,beer_sales,25380
2027-12,refunds,-457
2027-12,membership_fees,3750
2027-12,beer_cogs,17258
2027-12,rent,3600
2027-12,utilities,900
2027-12,payroll,7075
2027-12,insurance,650
2027-12,licenses,150
2027-12,software,290
2027-12,payment_processing,932
2027-12,marketing,1500
2027-12,professional_fees,1000
2027-12,delivery,381
2027-12,supplies,381
2027-12,other_opex,300
2027-12,depreciation,560
2027-12,interest,882
2028-01,beer_sales,27069
2028-01,refunds,-487
2028-01,membership_fees,3750
2028-01,beer_cogs,18407
2028-01,rent,3600
2028-01,utilities,900
2028-01,payroll,7075
2028-01,insurance,650
2028-01,licenses,150
2028-01,software,296
2028-01,payment_processing,986
2028-01,marketing,1500
2028-01,professional_fees,1000
2028-01,delivery,406
2028-01,supplies,406
2028-01,other_opex,300
2028-01,depreciation,560
2028-01,interest,877
2028-02,beer_sales,28725
2028-02,refunds,-517
2028-02,membership_fees,3750
2028-02,beer_cogs,19533
2028-02,rent,3600
2028-02,utilities,900
2028-02,payroll,7075
2028-02,insurance,650
2028-02,licenses,150
2028-02,software,302
2028-02,payment_processing,1039
2028-02,marketing,1500
2028-02,professional_fees,1000
2028-02,delivery,431
2028-02,supplies,431
2028-02,other_opex,300
2028-02,depreciation,560
2028-02,interest,873
2028-03,beer_sales,30347
2028-03,refunds,-546
2028-03,membership_fees,3750
2028-03,beer_cogs,20636
2028-03,rent,3600
2028-03,utilities,900
2028-03,payroll,7075
2028-03,insurance,650
2028-03,licenses,150
2028-03,software,308
2028-03,payment_processing,1091
2028-03,marketing,1500
2028-03,professional_fees,1000
2028-03,delivery,455
2028-03,supplies,455
2028-03,other_opex,300
2028-03,depreciation,560
2028-03,interest,868
2028-04,beer_sales,35268
2028-04,refunds,-635
2028-04,membership_fees,20453
2028-04,beer_cogs,23982
2028-04,rent,3708
2028-04,utilities,900
2028-04,payroll,9016
2028-04,insurance,650
2028-04,licenses,150
2028-04,software,311
2028-04,payment_processing,1783
2028-04,marketing,1200
2028-04,professional_fees,600
2028-04,delivery,529
2028-04,supplies,529
2028-04,other_opex,300
2028-04,depreciation,560
2028-04,interest,863
2028-05,beer_sales,36323
2028-05,refunds,-654
2028-05,membership_fees,6768
2028-05,beer_cogs,24700
2028-05,rent,3708
2028-05,utilities,900
2028-05,payroll,9016
2028-05,insurance,650
2028-05,licenses,150
2028-05,software,314
2028-05,payment_processing,1379
2028-05,marketing,1200
2028-05,professional_fees,600
2028-05,delivery,545
2028-05,supplies,545
2028-05,other_opex,300
2028-05,depreciation,560
2028-05,interest,859
2028-06,beer_sales,37358
2028-06,refunds,-672
2028-06,membership_fees,6768
2028-06,beer_cogs,25404
2028-06,rent,3708
2028-06,utilities,900
2028-06,payroll,9016
2028-06,insurance,650
2028-06,licenses,150
2028-06,software,318
2028-06,payment_processing,1412
2028-06,marketing,1200
2028-06,professional_fees,600
2028-06,delivery,560
2028-06,supplies,560
2028-06,other_opex,300
2028-06,depreciation,560
2028-06,interest,854
2028-07,beer_sales,38372
2028-07,refunds,-691
2028-07,membership_fees,6768
2028-07,beer_cogs,26093
2028-07,rent,3708
2028-07,utilities,900
2028-07,payroll,9016
2028-07,insurance,650
2028-07,licenses,150
2028-07,software,321
2028-07,payment_processing,1444
2028-07,marketing,1200
2028-07,professional_fees,600
2028-07,delivery,576
2028-07,supplies,576
2028-07,other_opex,300
2028-07,depreciation,560
2028-07,interest,849
2028-08,beer_sales,39366
2028-08,refunds,-709
2028-08,membership_fees,6768
2028-08,beer_cogs,26769
2028-08,rent,3708
2028-08,utilities,900
2028-08,payroll,9016
2028-08,insurance,650
2028-08,licenses,150
2028-08,software,324
2028-08,payment_processing,1476
2028-08,marketing,1200
2028-08,professional_fees,600
2028-08,delivery,590
2028-08,supplies,590
2028-08,other_opex,300
2028-08,depreciation,560
2028-08,interest,844
2028-09,beer_sales,40340
2028-09,refunds,-726
2028-09,membership_fees,6768
2028-09,beer_cogs,27431
2028-09,rent,3708
2028-09,utilities,900
2028-09,payroll,9016
2028-09,insurance,650
2028-09,licenses,150
2028-09,software,327
2028-09,payment_processing,1507
2028-09,marketing,1200
2028-09,professional_fees,600
2028-09,delivery,605
2028-09,supplies,605
2028-09,other_opex,300
2028-09,depreciation,560
2028-09,interest,839
2028-10,beer_sales,41294
2028-10,refunds,-743
2028-10,membership_fees,5568
2028-10,beer_cogs,28080
2028-10,rent,3708
2028-10,utilities,900
2028-10,payroll,9016
2028-10,insurance,650
2028-10,licenses,150
2028-10,software,330
2028-10,payment_processing,1500
2028-10,marketing,1200
2028-10,professional_fees,600
2028-10,delivery,619
2028-10,supplies,619
2028-10,other_opex,300
2028-10,depreciation,560
2028-10,interest,834
2028-11,beer_sales,42230
2028-11,refunds,-760
2028-11,membership_fees,5568
2028-11,beer_cogs,28716
2028-11,rent,3708
2028-11,utilities,900
2028-11,payroll,9016
2028-11,insurance,650
2028-11,licenses,150
2028-11,software,333
2028-11,payment_processing,1530
2028-11,marketing,1200
2028-11,professional_fees,600
2028-11,delivery,633
2028-11,supplies,633
2028-11,other_opex,300
2028-11,depreciation,560
2028-11,interest,829
2028-12,beer_sales,43146
2028-12,refunds,-777
2028-12,membership_fees,5568
2028-12,beer_cogs,29339
2028-12,rent,3708
2028-12,utilities,900
2028-12,payroll,9016
2028-12,insurance,650
2028-12,licenses,150
2028-12,software,336
2028-12,payment_processing,1559
2028-12,marketing,1200
2028-12,professional_fees,600
2028-12,delivery,647
2028-12,supplies,647
2028-12,other_opex,300
2028-12,depreciation,560
2028-12,interest,824
2029-01,beer_sales,44044
2029-01,refunds,-793
2029-01,membership_fees,5568
2029-01,beer_cogs,29950
2029-01,rent,3708
2029-01,utilities,900
2029-01,payroll,9016
2029-01,insurance,650
2029-01,licenses,150
2029-01,software,339
2029-01,payment_processing,1588
2029-01,marketing,1200
2029-01,professional_fees,600
2029-01,delivery,661
2029-01,supplies,661
2029-01,other_opex,300
2029-01,depreciation,560
2029-01,interest,819
2029-02,beer_sales,44925
2029-02,refunds,-809
2029-02,membership_fees,5568
2029-02,beer_cogs,30549
2029-02,rent,3708
2029-02,utilities,900
2029-02,payroll,9016
2029-02,insurance,650
2029-02,licenses,150
2029-02,software,342
2029-02,payment_processing,1616
2029-02,marketing,1200
2029-02,professional_fees,600
2029-02,delivery,674
2029-02,supplies,674
2029-02,other_opex,300
2029-02,depreciation,560
2029-02,interest,814
2029-03,beer_sales,45787
2029-03,refunds,-824
2029-03,membership_fees,5568
2029-03,beer_cogs,31135
2029-03,rent,3708
2029-03,utilities,900
2029-03,payroll,9016
2029-03,insurance,650
2029-03,licenses,150
2029-03,software,344
2029-03,payment_processing,1643
2029-03,marketing,1200
2029-03,professional_fees,600
2029-03,delivery,687
2029-03,supplies,687
2029-03,other_opex,300
2029-03,depreciation,560
2029-03,interest,809
2029-04,beer_sales,48872
2029-04,refunds,-880
2029-04,membership_fees,19862
2029-04,beer_cogs,33233
2029-04,rent,3819
2029-04,utilities,900
2029-04,payroll,9016
2029-04,insurance,650
2029-04,licenses,150
2029-04,software,345
2029-04,payment_processing,2200
2029-04,marketing,1000
2029-04,professional_fees,600
2029-04,delivery,733
2029-04,supplies,733
2029-04,other_opex,300
2029-04,depreciation,560
2029-04,interest,804
2029-05,beer_sales,49255
2029-05,refunds,-887
2029-05,membership_fees,7444
2029-05,beer_cogs,33494
2029-05,rent,3819
2029-05,utilities,900
2029-05,payroll,9016
2029-05,insurance,650
2029-05,licenses,150
2029-05,software,347
2029-05,payment_processing,1814
2029-05,marketing,1000
2029-05,professional_fees,600
2029-05,delivery,739
2029-05,supplies,739
2029-05,other_opex,300
2029-05,depreciation,560
2029-05,interest,799
2029-06,beer_sales,49631
2029-06,refunds,-893
2029-06,membership_fees,7444
2029-06,beer_cogs,33749
2029-06,rent,3819
2029-06,utilities,900
2029-06,payroll,9016
2029-06,insurance,650
2029-06,licenses,150
2029-06,software,348
2029-06,payment_processing,1826
2029-06,marketing,1000
2029-06,professional_fees,600
2029-06,delivery,744
2029-06,supplies,744
2029-06,other_opex,300
2029-06,depreciation,560
2029-06,interest,793
2029-07,beer_sales,49999
2029-07,refunds,-900
2029-07,membership_fees,7444
2029-07,beer_cogs,33999
2029-07,rent,3819
2029-07,utilities,900
2029-07,payroll,9016
2029-07,insurance,650
2029-07,licenses,150
2029-07,software,349
2029-07,payment_processing,1838
2029-07,marketing,1000
2029-07,professional_fees,600
2029-07,delivery,750
2029-07,supplies,750
2029-07,other_opex,300
2029-07,depreciation,560
2029-07,interest,788
2029-08,beer_sales,50360
2029-08,refunds,-906
2029-08,membership_fees,7444
2029-08,beer_cogs,34245
2029-08,rent,3819
2029-08,utilities,900
2029-08,payroll,9016
2029-08,insurance,650
2029-08,licenses,150
2029-08,software,350
2029-08,payment_processing,1850
2029-08,marketing,1000
2029-08,professional_fees,600
2029-08,delivery,755
2029-08,supplies,755
2029-08,other_opex,300
2029-08,depreciation,560
2029-08,interest,783
2029-09,beer_sales,50714
2029-09,refunds,-913
2029-09,membership_fees,7444
2029-09,beer_cogs,34485
2029-09,rent,3819
2029-09,utilities,900
2029-09,payroll,9016
2029-09,insurance,650
2029-09,licenses,150
2029-09,software,351
2029-09,payment_processing,1861
2029-09,marketing,1000
2029-09,professional_fees,600
2029-09,delivery,761
2029-09,supplies,761
2029-09,other_opex,300
2029-09,depreciation,560
2029-09,interest,777
2029-10,beer_sales,51060
2029-10,refunds,-919
2029-10,membership_fees,6244
2029-10,beer_cogs,34721
2029-10,rent,3819
2029-10,utilities,900
2029-10,payroll,9016
2029-10,insurance,650
2029-10,licenses,150
2029-10,software,352
2029-10,payment_processing,1834
2029-10,marketing,1000
2029-10,professional_fees,600
2029-10,delivery,766
2029-10,supplies,766
2029-10,other_opex,300
2029-10,depreciation,560
2029-10,interest,772
2029-11,beer_sales,51400
2029-11,refunds,-925
2029-11,membership_fees,6244
2029-11,beer_cogs,34952
2029-11,rent,3819
2029-11,utilities,900
2029-11,payroll,9016
2029-11,insurance,650
2029-11,licenses,150
2029-11,software,353
2029-11,payment_processing,1845
2029-11,marketing,1000
2029-11,professional_fees,600
2029-11,delivery,771
2029-11,supplies,771
2029-11,other_opex,300
2029-11,depreciation,560
2029-11,interest,766
2029-12,beer_sales,51733
2029-12,refunds,-931
2029-12,membership_fees,6244
2029-12,beer_cogs,35178
2029-12,rent,3819
2029-12,utilities,900
2029-12,payroll,9016
2029-12,insurance,650
2029-12,licenses,150
2029-12,software,354
2029-12,payment_processing,1855
2029-12,marketing,1000
2029-12,professional_fees,600
2029-12,delivery,776
2029-12,supplies,776
2029-12,other_opex,300
2029-12,depreciation,560
2029-12,interest,760
2030-01,beer_sales,52059
2030-01,refunds,-937
2030-01,membership_fees,6244
2030-01,beer_cogs,35400
2030-01,rent,3819
2030-01,utilities,900
2030-01,payroll,9016
2030-01,insurance,650
2030-01,licenses,150
2030-01,software,355
2030-01,payment_processing,1866
2030-01,marketing,1000
2030-01,professional_fees,600
2030-01,delivery,781
2030-01,supplies,781
2030-01,other_opex,300
2030-01,depreciation,560
2030-01,interest,755
2030-02,beer_sales,52378
2030-02,refunds,-943
2030-02,membership_fees,6244
2030-02,beer_cogs,35617
2030-02,rent,3819
2030-02,utilities,900
2030-02,payroll,9016
2030-02,insurance,650
2030-02,licenses,150
2030-02,software,356
2030-02,payment_processing,1876
2030-02,marketing,1000
2030-02,professional_fees,600
2030-02,delivery,786
2030-02,supplies,786
2030-02,other_opex,300
2030-02,depreciation,560
2030-02,interest,749
2030-03,beer_sales,52692
2030-03,refunds,-948
2030-03,membership_fees,6244
2030-03,beer_cogs,35830
2030-03,rent,3819
2030-03,utilities,900
2030-03,payroll,9016
2030-03,insurance,650
2030-03,licenses,150
2030-03,software,357
2030-03,payment_processing,1886
2030-03,marketing,1000
2030-03,professional_fees,600
2030-03,delivery,790
2030-03,supplies,790
2030-03,other_opex,300
2030-03,depreciation,560
2030-03,interest,743
